mode,question_type,total_queries,refusal_rate,mean_llm_graded_score,median_llm_graded_score,std_llm_graded_score,min_llm_graded_score,max_llm_graded_score,llm_score_0_count,llm_score_0_pct,llm_score_1_count,llm_score_1_pct,llm_score_2_count,llm_score_2_pct,llm_score_3_count,llm_score_3_pct,llm_score_4_count,llm_score_4_pct,nem_accuracy,nem_mean_relative_error,nem_median_relative_error,llm_binary_accuracy,llm_binary_mean_relative_error,llm_binary_median_relative_error,nem_llm_agreement_rate,mean_token_f1,median_token_f1,std_token_f1,min_token_f1,max_token_f1,mean_token_precision,mean_token_recall
closed_book,domain-relevant,50,0.04,1.5,1.0,1.373956004405096,0.0,4.0,16.0,32.0,11.0,22.0,11.0,22.0,6.0,12.0,6.0,12.0,,,,,,,,,,,,,,
closed_book,metrics-generated,100,0.04,,,,,,,,,,,,,,,,28.000000000000004,2079.3605415244624,23.426244910742238,25.0,6412.249357313936,25.000000000000007,97.0,,,,,,,
closed_book,novel-generated,50,0.02,1.48,1.0,1.4602208387635014,,,18.0,36.0,10.0,20.0,10.0,20.0,4.0,8.0,8.0,16.0,,,,,,,,0.2988478649259654,0.2330316742081448,0.23766570067602938,0.0,0.9142857142857143,0.3528722580767473,0.33320975868012004
oracle,domain-relevant,50,0.0,2.48,3.0,1.4032033323209914,0.0,4.0,6.0,12.0,8.0,16.0,8.0,16.0,12.0,24.0,16.0,32.0,,,,,,,,,,,,,,
oracle,metrics-generated,100,0.0,,,,,,,,,,,,,,,,92.0,172.3723016682212,0.0,88.0,754.2158850015547,0.0,96.0,,,,,,,
oracle,novel-generated,50,0.02,2.72,3.0,1.4002915148391823,,,7.0,14.000000000000002,2.0,4.0,9.0,18.0,12.0,24.0,20.0,40.0,,,,,,,,0.413638099664079,0.4105263157894737,0.22882191808806038,0.0,0.9333333333333333,0.4791216511534917,0.4776676766322423
rag,domain-relevant,400,0.01,2.25,2.0,1.3846635811931745,0.0,4.0,62.0,15.5,66.0,16.5,75.0,18.75,104.0,26.0,93.0,23.25,,,,,,,,,,,,,,
rag,metrics-generated,400,0.0,,,,,,,,,,,,,,,,84.0,251988.73080295883,0.0,80.75,3051.8150979523525,0.0,96.25,,,,,,,
rag,novel-generated,400,0.0,2.61,3.0,1.5697325091798093,,,76.0,19.0,34.0,8.5,42.0,10.5,66.0,16.5,182.0,45.5,,,,,,,,0.38247790978412943,0.3766891891891892,0.2276230710636043,0.0,1.0,0.42232242827002137,0.4887253562749087
