provider,model,chunk_size,mode,reranker_model,k_retrieve,k_rerank,total_queries,avg_mrr_k_retrieve,avg_mrr_k_rerank,avg_mrr_reranked,mrr_improvement,mrr_improvement_pct,avg_recall_k_retrieve,avg_recall_k_rerank,avg_recall_reranked,recall_improvement,recall_improvement_pct,avg_precision_k_retrieve,avg_precision_k_rerank,avg_precision_reranked,precision_improvement,precision_improvement_pct,avg_f1_k_retrieve,avg_f1_k_rerank,avg_f1_reranked,f1_improvement,f1_improvement_pct
voyage,voyage-3-large,512,single,cross-encoder/ms-marco-MiniLM-L-12-v2,80,20,150,0.4382,0.4369,0.2543,-0.18259999999999998,-41.79446097505149,0.7316,0.7056,0.5933,-0.11229999999999996,-15.915532879818587,0.0413,0.0731,0.0661,-0.006999999999999992,-9.575923392612848,0.0749,0.1278,0.114,-0.013799999999999993,-10.798122065727695
voyage,voyage-3-large,512,single,BAAI/bge-reranker-large,80,20,150,0.4383,0.437,0.3897,-0.04730000000000001,-10.82379862700229,0.7316,0.7056,0.6511,-0.05449999999999999,-7.723922902494331,0.0413,0.0731,0.0734,0.0003000000000000086,0.4103967168262772,0.075,0.1278,0.1269,-0.0008999999999999841,-0.7042253521126637
voyage,voyage-3-large,512,single,voyage-rerank-2.5,80,20,150,0.4382,0.4369,0.5871,0.15019999999999994,34.37857633325703,0.7316,0.7056,0.7282,0.022599999999999953,3.202947845804982,0.0408,0.0726,0.0849,0.012300000000000005,16.942148760330586,0.0741,0.127,0.1455,0.01849999999999999,14.566929133858258
