provider,model,chunk_size,mode,reranker_model,k_retrieve,k_rerank,total_queries,avg_mrr_k_retrieve,avg_mrr_k_rerank,avg_mrr_reranked,mrr_improvement,mrr_improvement_pct,avg_recall_k_retrieve,avg_recall_k_rerank,avg_recall_reranked,recall_improvement,recall_improvement_pct,avg_precision_k_retrieve,avg_precision_k_rerank,avg_precision_reranked,precision_improvement,precision_improvement_pct,avg_f1_k_retrieve,avg_f1_k_rerank,avg_f1_reranked,f1_improvement,f1_improvement_pct
voyage,voyage-3-large,512,global,cross-encoder/ms-marco-MiniLM-L-12-v2,80,20,150,0.381,0.3788,0.1625,-0.21630000000000002,-57.10137275607181,0.7136,0.6367,0.5133,-0.12340000000000007,-19.38118423119209,0.0189,0.054,0.0477,-0.0063,-11.666666666666666,0.0363,0.097,0.0837,-0.013300000000000006,-13.711340206185573
voyage,voyage-3-large,512,global,BAAI/bge-reranker-large,80,20,150,0.3807,0.3782,0.3005,-0.07769999999999999,-20.544685351665784,0.7136,0.63,0.5944,-0.035599999999999965,-5.650793650793645,0.0189,0.0533,0.0547,0.0013999999999999985,2.626641651031892,0.0363,0.096,0.0969,0.000899999999999998,0.9374999999999979
voyage,voyage-3-large,512,global,voyage-rerank-2.5,80,20,150,0.3808,0.3785,0.4996,0.12109999999999999,31.99471598414795,0.7136,0.6367,0.678,0.0413,6.486571383697188,0.0189,0.054,0.061,0.006999999999999999,12.962962962962962,0.0363,0.097,0.1083,0.01129999999999999,11.649484536082465
