model,False,True,True %
phi3:3.8b,99,51,34.0
phi4-mini:3.8b,100,50,33.33333333333333
phi4:14b,50,100,66.66666666666666
